fuente,campo_recibido,campo_interno,transformacion,regla_afectada
Grupo 1,"Z1…Z5 (formato ancho, personas por bloque)",poblacion_grupo1.personas,melt de columnas de zona a filas bloque–zona; validación de bloques 0–11 y de hora_inicio = bloque × 6 h.,"P_{z,t} de la ecuación de demanda D_{z,s,t} = P_{z,t} c_s."
Grupo 1,"bloque, hora_inicio",poblacion_grupo1.bloque / hora_inicio,Conversión a entero y verificación de la malla temporal de 12 bloques de 6 h.,Scheduling: cada bloque t del modelo consume la población reportada para ese mismo bloque.
Grupo 1,personas por zona y bloque,datos_modelo_intercambio['demanda'].demanda,"Producto por las tasas del Excel del Grupo 3: 0.75 litros, 0.25 raciones y 0.0125 kits por persona y bloque. Las tasas no se modifican.","Demanda por suministro D_{z,s,t} y, por consiguiente, consumo satisfecho, déficit y superávit."
Grupo 1,Mapa de saturación de albergues (evidencia complementaria),No integrado al motor,Se conserva como evidencia del intercambio; no altera ninguna variable de estado.,Ninguna. El modelo no representa ocupación de albergues.
Grupo 4,Celda 'P/L · minutos · I=valor' por bloque y zona,accesibilidad_grupo4.vehiculo_recomendado / tiempo_viaje_h / indice_aislamiento,"Lectura de la tabla del .docx, separación en tres campos y conversión de minutos a horas.",Condiciones de acceso por zona y bloque.
Grupo 4,Tiempo mediano de viaje desde Z4,rutas_simulacion.tiempo_transito_h,Sustituye el tiempo del Excel únicamente en las rutas cuyo origen es la Bodega Central CONRED (Z4); el resto conserva su tiempo original.,"Tiempo de tránsito y, con él, la hora de llegada del convoy y la última activación segura."
Grupo 4,Código de vehículo P / L,rutas_simulacion.restringe_camion_grande,Equivalencia declarada P = camión de 10 t y L = camioneta; L se interpreta como imposibilidad de circular con el camión grande en ese bloque y zona.,Selección de vehículo del convoy; se registra como restricción y no como capacidad nueva.
Grupo 4,Índice de aislamiento I,rutas_simulacion.indice_aislamiento / aislamiento_critico,"Se anexa por zona y bloque, con bandera de aislamiento crítico bajo 0.30.",Ninguna ecuación. Es un descriptor de contexto: el Grupo 4 no define su relación con tiempo o capacidad.
Grupo 4,Cronograma de apertura con IC 95 %,cronograma_grupo4,Lectura de la segunda tabla del .docx y conversión de las horas de apertura y sus límites.,Ninguna directamente. Sirve como evidencia para contrastar los supuestos sobre rutas dañadas y bloqueadas.
